{
  "MedMCQA_validation": [
    0.5390867798230935,
    2255,
    4183,
    2248
  ],
  "MedQA_USLME_test": [
    0.6229379418695994,
    785,
    1273,
    793
  ],
  "PubMedQA_test": [
    0.653,
    653,
    1000,
    650
  ],
  "MMLU-Pro_Medical_test": [
    0.5615635179153095,
    859,
    1535,
    862
  ],
  "GPQA_Medical_test": [
    0.46923076923076923,
    177,
    390,
    183
  ]
}