{
  "MedMCQA_validation": [
    0.5538461538461539,
    36,
    65,
    36
  ],
  "MedQA_USLME_test": [
    0.5393258426966292,
    48,
    89,
    48
  ],
  "PubMedQA_test": [
    0.7586206896551724,
    22,
    29,
    22
  ],
  "MMLU-Pro_Medical_test": [
    0.5555555555555556,
    5,
    9,
    5
  ]
}