{
  "MedMCQA_validation": [
    0.5655658086449733,
    2328,
    4118,
    2329
  ],
  "MedQA_USLME_test": [
    0.629222972972973,
    745,
    1184,
    744
  ],
  "PubMedQA_test": [
    0.752832131822863,
    731,
    971,
    731
  ],
  "MMLU-Pro_Medical_test": [
    0.6114023591087812,
    933,
    1526,
    933
  ],
  "GPQA_Medical_test": [
    0.45384615384615384,
    177,
    390,
    177
  ]
}