{
  "MedMCQA_validation": [
    0.5541525012141817,
    2280,
    4118,
    2282
  ],
  "MedQA_USLME_test": [
    0.6309121621621622,
    746,
    1184,
    747
  ],
  "PubMedQA_test": [
    0.6797116374871267,
    660,
    971,
    660
  ],
  "MMLU-Pro_Medical_test": [
    0.6100917431192661,
    931,
    1526,
    930
  ],
  "GPQA_Medical_test": [
    0.4717948717948718,
    184,
    390,
    183
  ]
}