{
  "MedMCQA_validation": [
    0.5420851267336203,
    2266,
    4182,
    2267
  ],
  "MedQA_USLME_test": [
    0.6001571091908877,
    764,
    1273,
    764
  ],
  "PubMedQA_test": [
    0.732,
    732,
    1000,
    732
  ],
  "MMLU-Pro_Medical_test": [
    0.5811074918566775,
    891,
    1535,
    892
  ],
  "GPQA_Medical_test": [
    0.49230769230769234,
    192,
    390,
    191
  ]
}