{
  "MedMCQA_validation": [
    0.5543868037293809,
    2319,
    4183,
    2189
  ],
  "MedQA_USLME_test": [
    0.5907305577376276,
    752,
    1273,
    693
  ],
  "PubMedQA_test": [
    0.724,
    724,
    1000,
    717
  ],
  "MMLU-Pro_Medical_test": [
    0.6104234527687297,
    937,
    1535,
    811
  ],
  "GPQA_Medical_test": [
    0.46923076923076923,
    183,
    390,
    157
  ]
}