{
  "MedMCQA_validation": [
    0.5538461538461539,
    36,
    65,
    36
  ],
  "MedQA_USLME_test": [
    0.5056179775280899,
    45,
    89,
    45
  ],
  "PubMedQA_test": [
    0.7241379310344828,
    21,
    29,
    21
  ],
  "MMLU-Pro_Medical_test": [
    0.5555555555555556,
    5,
    9,
    5
  ]
}