{
  "MedMCQA_validation": [
    0.6153846153846154,
    40,
    65,
    40
  ],
  "MedQA_USLME_test": [
    0.5842696629213483,
    52,
    89,
    52
  ],
  "PubMedQA_test": [
    0.6551724137931034,
    19,
    29,
    19
  ],
  "MMLU-Pro_Medical_test": [
    0.6666666666666666,
    6,
    9,
    6
  ]
}